{
    "B1855+09": 491827411.41709137,
    "B1937+21": 500951073.0688486,
    "B1953+29": 351381431.37967205,
    "J0023+0923": 284520981.934742,
    "J0030+0451": 490105868.1555786,
    "J0340+4130": 256681121.56403923,
    "J0406+3039": 112445598.75445747,
    "J0437-4715": 150014385.78406906,
    "J0509+0856": 112445493.62099838,
    "J0557+1551": 144062100.84769344,
    "J0605+3757": 106247935.12311172,
    "J0610-2100": 106237249.83943558,
    "J0613-0200": 474695077.995739,
    "J0636+5128": 198682920.54404545,
    "J0645+5158": 279583379.9209051,
    "J0709+0458": 144063834.00186634,
    "J0740+6620": 199157808.59076214,
    "J0931-1902": 223941340.35131073,
    "J1012+5307": 490114338.70006275,
    "J1012-4235": 106147109.83062458,
    "J1022+1001": 175170518.21243286,
    "J1024-0719": 330345656.7940779,
    "J1125+7819": 198679243.63826752,
    "J1312+0051": 143981441.38319683,
    "J1453+1902": 221013674.6270609,
    "J1455-3330": 494490513.45650005,
    "J1600-3053": 393622078.2355242,
    "J1614-2230": 364212785.5284195,
    "J1630+3734": 109179650.3916235,
    "J1640+2224": 488207639.1081734,
    "J1643-1224": 495884239.1412611,
    "J1705-1903": 117521311.71554089,
    "J1713+0747": 490531604.81129265,
    "J1719-1438": 108652648.65794754,
    "J1730-2304": 108651343.87267685,
    "J1738+0333": 338712424.3057585,
    "J1741+1351": 347586065.2435665,
    "J1744-1134": 494579730.0921011,
    "J1745+1017": 143467682.8279562,
    "J1747-4036": 256257923.8320179,
    "J1751-2857": 109002808.344697,
    "J1802-2124": 109091083.44175053,
    "J1811-2405": 109090308.74357319,
    "J1832-0836": 223871401.60359192,
    "J1843-1113": 109090182.24698544,
    "J1853+1303": 286842801.8402786,
    "J1903+0327": 338711491.7044077,
    "J1909-3744": 488902420.41213703,
    "J1910+1256": 360591717.8574772,
    "J1911+1347": 220582431.80718994,
    "J1918-0642": 488467128.59539604,
    "J1923+2515": 282874629.6120491,
    "J1944+0907": 393170852.0612459,
    "J1946+3417": 180946997.6825304,
    "J2010-1323": 332436016.1989746,
    "J2017+0603": 262715639.09610367,
    "J2033+1734": 219975423.71401215,
    "J2043+1711": 285633152.14073277,
    "J2124-3358": 109260813.02853584,
    "J2145-0750": 490351342.3872013,
    "J2214+3000": 265734677.58866978,
    "J2229+2643": 221794319.6521139,
    "J2234+0611": 206278358.37934303,
    "J2234+0944": 224030636.08716488,
    "J2302+4442": 256677580.56100368,
    "J2317+1439": 493727855.6734257,
    "J2322+2057": 171900381.66631985
}